<?xml version="1.0" encoding="UTF-8"?>
<!DOCTYPE suite SYSTEM "http://testng.org/testng-1.0.dtd">
<suite name="All Test Suite">
    <test name="C:/Users/13018/IdeaProjects/homedepotCreateAcc/src/test/java/homeDepotTest/RunHomeDepotCreateAcc.java">
        <parameter name="browser" value="chrome"/>
        <parameter name="url" value="http://www.homedepot.com"/>
        <parameter name="email" value="newuseremail2@gmail.com"/>
        <parameter name="pass" value="thisisNeass#1" />
        <parameter name="zip" value="20902" />
        <parameter name="phone" value="3019030344" />
        <classes>
            <class name="homeDepotTest.RunHomeDepotCreateAcc"/>
        </classes>

    </test>
</suite>